<?xml version="1.0" encoding="UTF-8"?>
<!DOCTYPE hibernate-mapping PUBLIC "-//Hibernate/Hibernate Mapping DTD 3.0//EN" "http://hibernate.sourceforge.net/hibernate-mapping-3.0.dtd" > 
<hibernate-mapping> 
   <class  name ="sunflower.statistical.entity.ComponentAnalyze" table="customer_component_analyze"> 
    <composite-id  name ="id"  class ="sunflower.statistical.entity.ComponentAnalyzeId"> 
     <key-property  name ="customer_id"  type ="string" > 
      	<column  name ="customer_id" /> 
     </key-property>
      <key-property  name ="customer_level"  type ="string" > 
      	<column  name ="customer_level" /> 
     </key-property>
     <key-property  name ="customer_count"  type ="int" > 
     	<column  name ="customer_count" /> 
     </key-property>
    </composite-id> 
   </class> 
</hibernate-mapping> 