<?xml version="1.0" encoding="UTF-8"?>
<!DOCTYPE hibernate-mapping PUBLIC "-//Hibernate/Hibernate Mapping DTD 3.0//EN" "http://hibernate.sourceforge.net/hibernate-mapping-3.0.dtd" > 
<hibernate-mapping> 
   <class  name ="sunflower.statistical.entity.LostAnalyze"  table ="customer_lost_statistic"> 
    <composite-id  name ="id"  class ="sunflower.statistical.entity.LostAnalyzeId"> 
     <key-property  name ="customer_lost_pause_id"  type ="string" > 
      	<column  name ="customer_lost_pause_id" /> 
     </key-property>
      <key-property  name ="user_name"  type ="string" > 
      	<column  name ="user_name" /> 
     </key-property>
     <key-property  name ="user_id"  type ="string" > 
     	<column  name ="user_id" /> 
     </key-property>
     <key-property  name ="customer_name"  type ="string" > 
   		<column  name ="customer_name" /> 
     </key-property>
     <key-property  name ="customer_lost_pause_reason"  type ="string" > 
   		<column  name ="customer_lost_pause_reason" /> 
     </key-property>
    </composite-id> 
   </class> 
</hibernate-mapping> 
