<?xml version="1.0" encoding="UTF-8" ?>
<!DOCTYPE struts PUBLIC
"-//Apache Software Foundation//DTD Struts Configuration 2.3//EN"
"http://struts.apache.org/dtds/struts-2.3.dtd">

<struts>
	<constant name="struts.enable.DynamicMethodInvocation" value="false" />
	<constant name="struts.devMode" value="false" />
	<constant name="struts.ui.theme" value="simple" />
	<constant name="struts.multipart.maxSize" value="52429300" />


	<package name="default" namespace="/" extends="struts-default">
		<default-action-ref name="home" />
		<action name="index">
			<result>index.jsp</result>
		</action>

		<!-- Yangdi-2014-07-24 -->
		<action name="contactRecord_*" method="{1}"
			class="sunflower.customer.action.ContactRecordAction">
			<result name="getContactRecordList">/secure/customer/communiRecord.jsp</result>
			<result name="edit">/secure/customer/editCommunicationRecord.jsp</result>
			<result name="saveEditFail">/secure/customer/editContacts.jsp</result>
			<result name="saveEditSuccess">/secure/customer/communiRecord.jsp</result>
			<result name="addContactRecord">/secure/customer/createCommunicationRecord.jsp</result>
			<result name="deleteSuccess">/secure/customer/communiRecord.jsp</result>
			<result name="deleteFail">/secure/customer/communiRecord.jsp</result>			
		</action>		
		
		<!-- Yangdi-2014-07-24 -->
		<action name="customerPerson_*" method="{1}"
			class="sunflower.customer.action.CustomerPersonAction">
			<result name="getCustomerPersonList">/secure/customer/contactList.jsp</result>
			<result name="edit">/secure/customer/editContacts.jsp</result>
			<result name="saveEditFail">/secure/customer/editContacts.jsp</result>
			<result name="saveEditSuccess">/secure/customer/editContacts.jsp</result>
			<result name="deleteSuccess">/secure/customer/contactList.jsp</result>
			<result name="deleteFail">/secure/customer/contactList.jsp</result>
			<result name="addCustomerPersonSuccess">/secure/customer/contactList.jsp</result>
			<result name="addCustomerPersonFail">/secure/customer/contactList.jsp</result>
			<result name="addCustomerPerson">/secure/customer/createContacts.jsp</result>
		</action>		
		
		<!-- Yangdi-2014-07-24 -->
		<action name="recordItem_*" method="{1}"
			class="sunflower.customer.action.RecordItemAction">
			<result name="getRecordItemList">/secure/customer/historyOrderDetail.jsp</result>
		</action>	
		
		<!-- Yangdi-2014-07-22 -->
		<action name="historyRecord_*" method="{1}"
			class="sunflower.customer.action.HistoryRecordAction">
			<result name="getCustomerHistoryRecords">/secure/customer/historyOrder.jsp</result>
		</action>

		<!-- Yangdi-2014-07-20 -->
		<action name="customer_*" method="{1}"
			class="sunflower.customer.action.CustomerAction">
			<result name="getNotLostCustomers">/secure/customer/customerList.jsp</result>
			<result name="goToCreatePage">/secure/customer/createCustomer.jsp</result>
			<result name="getLostCustomers">/secure/customer/clientLiushiList.jsp</result>
			<result name="getCustomerListForCharger">/secure/customer/customerListForCharger.jsp</result>
			<result name="getCustomerListForManager">/secure/customer/customerListForManager.jsp</result>
			<result name="applyWarn" type="redirect">customer_getNotLostCustomerForWarn.action</result>
			<result name="auditWarn" type="redirect">customer_getNotLostCustomerForWarn.action</result>
			<result name="myLostCustomerList">/secure/customer/myLostCustomerList.jsp</result>
			<result name="dealWith">/secure/customer/dealWith.jsp</result>
			<result name="lost" type="redirect">customer_myLostCustomerList.action</result>
			<result name="saveDealWithSuccess" type="redirect">customer_myLostCustomerList.action</result>
			<result name="saveNewCustomer" type="redirect">customer_getNotLostCustomers2.action</result>
			<result name="viewCustomer">/secure/customer/viewCustomer.jsp</result>
		</action>
		<!-- Yangdi-2014-07-22 -->
		<action name="historyRecord_*" method="{1}"
			class="sunflower.customer.action.HistoryRecordAction">
			<result name="getCustomerHistoryRecords">/secure/customer/historyOrder.jsp</result>
		</action>

		<action name="login_*" method="{1}"
			class="sunflower.user.action.LoginAction">
			<result name="home">/home.jsp</result>
			<!-- <result name="home" type="redirect">user_viewInfo.action</result> -->
			<result name="login">/login.jsp</result>
		</action>
		<action name="user_*" method="{1}" class="sunflower.user.action.UserAction">
			<result name="personalinfo">/secure/user/personalinfo.jsp</result>
		</action>
		<action name="sale_*" method="{1}"
			class="sunflower.sales.action.SaleAction">
			<result name="chancelist">/secure/sales/chanceList.jsp</result>
			<result name="designatedChanceList">/secure/sales/designatedChanceList.jsp</result>
			<result name="createChance">/secure/sales/createChance.jsp</result>
			<result name="viewChancelist" type="redirect">sale_viewChancelist.action
			</result>
			<result name="editChance">/secure/sales/editChance.jsp</result>
			<result name="detailInfo">/secure/sales/detailInfo.jsp</result>
			<result name="designate">/secure/sales/designate.jsp</result>
			<result name="viewDesignate" type="redirect">sale_viewDesignate.action
			</result>
			<result name="planListforDirector">/secure/sales/planListforDirector.jsp</result>

		</action>
		<action name="plan_*" method="{1}"
			class="sunflower.sales.action.PlanAction">
			<result name="planListforDirector">/secure/sales/planListforDirector.jsp</result>
			<result name="planListforManager">/secure/sales/planListforManager.jsp</result>
			<result name="viewPlan">/secure/sales/viewPlan.jsp</result>
			<result name="createPlan">/secure/sales/createPlan.jsp</result>
			<result name="editPlan">/secure/sales/editPlan.jsp</result>
			<result name="auditPlan">/secure/sales/auditPlan.jsp</result>
			<result name="executePlan">/secure/sales/executePlan.jsp</result>
			<result name="viewEdit" type="redirect">plan_viewEdit.action
			</result>
			<result name="viewPlanlist" type="redirect">plan_viewPlanlist.action
			</result>

		</action>
		<action name="business_*" method="{1}"
			class="sunflower.business.action.BusinessAction">
			<!-- 服务列表 -->
			<result name="businessListforDirector">/secure/business/businessListforDirector.jsp
			</result>
			<result name="businessListforManager">/secure/business/businessListforManager.jsp
			</result>
			<result name="createBusiness">/secure/business/createBusiness.jsp</result>
			<result name="businessDetail">/secure/business/businessDetail.jsp</result>
			<result name="editBusiness">/secure/business/editBusiness.jsp</result>
			<result name="designateBusiness">/secure/business/designateBusiness.jsp</result>
			<result name="viewBusinessList" type="redirect">business_viewBusinessList.action
			</result>
			<result name="viewEditBusiness" type="redirect">business_viewEditBusiness.action
			</result>
			<result name="viewDesignateBusiness" type="redirect">business_viewDesignateBusiness.action
			</result>

			<!-- 服务分配 -->
			<result name="businessProcessList">/secure/business/businessProcessList.jsp
			</result>
			<result name="viewBusinessProcessList" type="redirect">business_viewBusinessProcessList.action
			</result>
			<result name="businessProcessDetail">/secure/business/businessProcessDetail.jsp
			</result>
			<!-- 服务反馈 -->
			<result name="businessFeedbackList">/secure/business/businessFeedBackList.jsp
			</result>
			<result name="businessFeedBackDetail">/secure/business/businessFeedBackDetail.jsp
			</result>
			<result name="viewBusinessFeedBackList" type="redirect">business_viewBusinessFeedBackList.action
			</result>
			<!-- 服务归档 -->
			<result name="businessFileList">/secure/business/businessFileList.jsp
			</result>
			<result name="businessFileDetail">/secure/business/businessFileDetail.jsp
			</result>

		</action>
		
		<!-- YuXun.LU -->
		<action name="statistical_*" method="{1}"
			class="sunflower.statistical.action.StatisticalAction">
			<result name="lostAnalyze">/secure/statistic/lostAnalyze.jsp</result>
			<result name="businessAnalyze">/secure/statistic/businessAnalyze.jsp</result>
			<result name="componentAnalyze">/secure/statistic/componentAnalyze.jsp</result>
		</action>
		<action name="statistic_*" method="{1} "
		   class="sunflower.statistical.action.statisticsAction">
			<result name="cusCtributeAnalyze">/secure/statistic/cusCtributeAnalyze.jsp</result>
		</action>
		<action name="cusCtributeSearch_*" method="{1}"
			class="sunflower.statistical.action.cusCtributeSearchAction">
			<result name="cusCtributeSearch">/secure/statistic/cusCtributeAnalyze.jsp</result>
			<result name="Nobody">/secure/statistic/cusCtributeAnalyze.jsp</result>
		</action>
		<action name="cusCtrPrSort_*" method="{1}"
			class="sunflower.statistical.action.cusCtrPriceSortAction">
			<result name="cusCtrPriceSort">/secure/statistic/cusCtributeAnalyze.jsp</result>
		</action>
		<action name="cusCtrNameSort_*" method="{1}"
			class="sunflower.statistical.action.cusCtrNameSortAction">
			<result name="cusCtrNameSort">/secure/statistic/cusCtributeAnalyze.jsp</result>
		</action>
	</package>

	<!-- Add packages here -->
</struts>
