<?xml version='1.0' encoding='utf-8'?>
<!DOCTYPE hibernate-configuration PUBLIC
        "-//Hibernate/Hibernate Configuration DTD 3.0//EN"
        "http://www.hibernate.org/dtd/hibernate-configuration-3.0.dtd">
<hibernate-configuration>
	<session-factory>
		<!-- jndi settings -->
		<property name="connection.datasource">java:comp/env/jdbc/sunflower</property>
		<!-- SQL dialect -->
		<property name="dialect">org.hibernate.dialect.MySQL5InnoDBDialect</property>
		<!-- Enable Hibernate's current session context -->
<!-- 		<property name="current_session_context_class"> -->
<!-- 			org.hibernate.context.ManagedSessionContext -->
<!-- 		</property> -->
		<property name="current_session_context_class">thread</property> 
		<!-- Disable the second-level cache -->
		<property name="cache.provider_class">
			org.hibernate.cache.NoCacheProvider
		</property>
		<!-- Echo all executed SQL to stdout -->
		<property name="show_sql">true</property>
		<!-- Drop and re-create the database schema on startup -->
		<property name="hbm2ddl.auto">update</property>
		<mapping class="sunflower.user.entity.User" />
		<mapping class="sunflower.sales.entity.Plan" />
		<mapping class="sunflower.sales.entity.Sale" />
		<mapping class="sunflower.sales.entity.ScheduleItem" />
		<mapping class="sunflower.customer.entity.Customer" />
		<mapping class="sunflower.customer.entity.ContactRecord" />
		<mapping class="sunflower.customer.entity.CustomerLostPause" />
		<mapping class="sunflower.customer.entity.CustomerPerson" />
		<mapping class="sunflower.customer.entity.HistoryRecord" />
		<mapping class="sunflower.customer.entity.RecordItem" />
		<mapping class="sunflower.business.entity.Business" />
		<mapping class="sunflower.business.entity.BusinessDistribution" />
		<mapping resource="sunflower/statistical/entity/LostAnalyze.hbm.xml" />  
		<mapping resource="sunflower/statistical/entity/BusinessAnalyze.hbm.xml" />  
		<mapping resource="sunflower/statistical/entity/ComponentAnalyze.hbm.xml" />  
	</session-factory>
</hibernate-configuration>

