<?xml version="1.0" encoding="UTF-8"?>
<!DOCTYPE hibernate-mapping PUBLIC "-//Hibernate/Hibernate Mapping DTD 3.0//EN" "http://hibernate.sourceforge.net/hibernate-mapping-3.0.dtd" > 
<hibernate-mapping> 
   <class  name ="sunflower.statistical.entity.BusinessAnalyze" table="business_analyze"> 
    <composite-id  name ="id"  class ="sunflower.statistical.entity.BusinessAnalyzeId"> 
     <key-property  name ="business_id"  type ="string" > 
      	<column  name ="business_id" /> 
     </key-property>
      <key-property  name ="business_type"  type ="string" > 
      	<column  name ="business_type" /> 
     </key-property>
     <key-property  name ="business_count"  type ="int" > 
     	<column  name ="business_count" /> 
     </key-property>
    </composite-id> 
   </class> 
</hibernate-mapping> 